file,slope_angle_deg,midpoint_elevation_ft,actual_speed_mph,predicted_speed_mph
FremontPeak2025-08-17.gpx,2.532,10377.0,0.384,2.444
FremontPeak2025-08-17.gpx,2.459,10383.0,2.44,2.452
FremontPeak2025-08-17.gpx,2.29,10388.0,2.723,2.471
FremontPeak2025-08-17.gpx,2.113,10393.0,2.021,2.491
FremontPeak2025-08-17.gpx,4.452,10401.0,1.977,2.215
FremontPeak2025-08-17.gpx,5.788,10412.0,1.839,2.064
FremontPeak2025-08-17.gpx,6.306,10426.0,1.763,2.005
FremontPeak2025-08-17.gpx,6.209,10441.0,2.056,2.012
FremontPeak2025-08-17.gpx,3.831,10452.0,2.374,2.276
FremontPeak2025-08-17.gpx,5.138,10463.0,2.203,2.126
FremontPeak2025-08-17.gpx,9.661,10480.0,1.731,1.651
FremontPeak2025-08-17.gpx,9.503,10502.0,1.548,1.663
FremontPeak2025-08-17.gpx,4.824,10518.0,2.651,2.15
FremontPeak2025-08-17.gpx,4.095,10529.0,2.642,2.229
FremontPeak2025-08-17.gpx,2.443,10536.0,2.622,2.419
FremontPeak2025-08-17.gpx,1.104,10540.0,1.245,2.579
FremontPeak2025-08-17.gpx,-1.042,10540.0,1.201,2.613
FremontPeak2025-08-17.gpx,-2.722,10536.0,3.136,2.457
FremontPeak2025-08-17.gpx,-2.922,10529.0,2.922,2.441
FremontPeak2025-08-17.gpx,-3.435,10522.0,2.485,2.397
FremontPeak2025-08-17.gpx,-0.12,10518.0,2.279,2.709
FremontPeak2025-08-17.gpx,1.981,10520.0,2.156,2.477
FremontPeak2025-08-17.gpx,2.031,10525.0,2.103,2.47
FremontPeak2025-08-17.gpx,3.878,10532.0,1.946,2.253
FremontPeak2025-08-17.gpx,4.584,10541.0,2.061,2.172
FremontPeak2025-08-17.gpx,4.686,10552.0,2.274,2.158
FremontPeak2025-08-17.gpx,4.653,10563.0,1.85,2.16
FremontPeak2025-08-17.gpx,6.693,10576.0,1.516,1.936
FremontPeak2025-08-17.gpx,10.84,10596.0,0.929,1.523
FremontPeak2025-08-17.gpx,6.881,10616.0,1.467,1.91
FremontPeak2025-08-17.gpx,6.58,10632.0,1.768,1.938
FremontPeak2025-08-17.gpx,4.798,10645.0,1.804,2.127
FremontPeak2025-08-17.gpx,5.784,10657.0,1.84,2.018
FremontPeak2025-08-17.gpx,3.782,10668.0,1.34,2.235
FremontPeak2025-08-17.gpx,4.835,10678.0,2.153,2.117
FremontPeak2025-08-17.gpx,3.336,10687.0,2.243,2.282
FremontPeak2025-08-17.gpx,1.858,10693.0,2.299,2.451
FremontPeak2025-08-17.gpx,0.858,10696.0,2.579,2.57
FremontPeak2025-08-17.gpx,1.403,10699.0,2.4,2.504
FremontPeak2025-08-17.gpx,3.313,10704.0,1.932,2.281
FremontPeak2025-08-17.gpx,8.454,10718.0,1.469,1.734
FremontPeak2025-08-17.gpx,9.171,10738.0,1.359,1.661
FremontPeak2025-08-17.gpx,3.607,10753.0,2.366,2.237
FremontPeak2025-08-17.gpx,6.169,10764.0,1.992,1.958
FremontPeak2025-08-17.gpx,8.097,10781.0,1.629,1.759
FremontPeak2025-08-17.gpx,8.189,10799.0,1.553,1.747
FremontPeak2025-08-17.gpx,10.658,10821.0,1.585,1.511
FremontPeak2025-08-17.gpx,13.722,10850.0,1.221,1.245
FremontPeak2025-08-17.gpx,15.561,10884.0,1.071,1.098
FremontPeak2025-08-17.gpx,13.724,10918.0,1.356,1.238
FremontPeak2025-08-17.gpx,8.383,10944.0,1.54,1.705
FremontPeak2025-08-17.gpx,15.307,10972.0,1.266,1.111
FremontPeak2025-08-17.gpx,9.099,11000.0,0.754,1.629
FremontPeak2025-08-17.gpx,0.0,11010.0,2.052,2.594
FremontPeak2025-08-17.gpx,0.644,11011.0,2.377,2.517
FremontPeak2025-08-17.gpx,1.12,11013.0,2.452,2.461
FremontPeak2025-08-17.gpx,4.391,11020.0,1.942,2.095
FremontPeak2025-08-17.gpx,-2.227,11022.0,1.003,2.377
FremontPeak2025-08-17.gpx,-4.343,11015.0,1.903,2.19
FremontPeak2025-08-17.gpx,-3.255,11006.0,1.966,2.288
FremontPeak2025-08-17.gpx,-0.624,11001.0,0.533,2.535
FremontPeak2025-08-17.gpx,0.797,11002.0,0.514,2.502
FremontPeak2025-08-17.gpx,0.635,11003.0,2.351,2.52
FremontPeak2025-08-17.gpx,0.0,11004.0,2.06,2.595
FremontPeak2025-08-17.gpx,1.926,11006.0,1.968,2.37
FremontPeak2025-08-17.gpx,0.938,11009.0,1.979,2.483
FremontPeak2025-08-17.gpx,0.0,11010.0,2.121,2.594
FremontPeak2025-08-17.gpx,0.0,11010.0,2.674,2.594
FremontPeak2025-08-17.gpx,0.0,11010.0,2.135,2.594
FremontPeak2025-08-17.gpx,0.0,11010.0,1.385,2.594
FremontPeak2025-08-17.gpx,0.0,11010.0,0.97,2.594
FremontPeak2025-08-17.gpx,2.813,11014.0,1.441,2.268
FremontPeak2025-08-17.gpx,-1.041,11016.0,2.051,2.491
FremontPeak2025-08-17.gpx,0.585,11015.0,1.685,2.523
FremontPeak2025-08-17.gpx,7.728,11025.0,1.002,1.756
FremontPeak2025-08-17.gpx,13.574,11050.0,1.235,1.238
FremontPeak2025-08-17.gpx,10.675,11078.0,1.053,1.477
FremontPeak2025-08-17.gpx,9.784,11101.0,1.058,1.552
FremontPeak2025-08-17.gpx,9.385,11124.0,1.45,1.585
FremontPeak2025-08-17.gpx,5.472,11141.0,1.645,1.959
FremontPeak2025-08-17.gpx,7.414,11156.0,1.719,1.764
FremontPeak2025-08-17.gpx,6.056,11171.0,1.77,1.894
FremontPeak2025-08-17.gpx,1.759,11180.0,0.786,2.348
FremontPeak2025-08-17.gpx,-1.805,11180.0,1.924,2.376
FremontPeak2025-08-17.gpx,-1.933,11176.0,2.209,2.365
FremontPeak2025-08-17.gpx,-2.0,11171.0,2.135,2.36
FremontPeak2025-08-17.gpx,0.627,11170.0,1.73,2.48
FremontPeak2025-08-17.gpx,1.671,11172.0,2.062,2.36
FremontPeak2025-08-17.gpx,1.97,11176.0,2.168,2.325
FremontPeak2025-08-17.gpx,2.077,11181.0,1.291,2.312
FremontPeak2025-08-17.gpx,-1.022,11182.0,1.19,2.45
FremontPeak2025-08-17.gpx,1.916,11183.0,1.645,2.33
FremontPeak2025-08-17.gpx,9.648,11197.0,1.158,1.551
FremontPeak2025-08-17.gpx,14.588,11225.0,0.882,1.145
FremontPeak2025-08-17.gpx,13.744,11258.0,1.091,1.206
FremontPeak2025-08-17.gpx,13.596,11290.0,0.451,1.214
FremontPeak2025-08-17.gpx,15.582,11324.0,1.234,1.066
FremontPeak2025-08-17.gpx,15.451,11361.0,1.079,1.073
FremontPeak2025-08-17.gpx,17.068,11399.0,0.854,0.961
FremontPeak2025-08-17.gpx,15.358,11437.0,1.086,1.074
FremontPeak2025-08-17.gpx,11.607,11468.0,1.041,1.351
FremontPeak2025-08-17.gpx,8.828,11492.0,1.405,1.58
FremontPeak2025-08-17.gpx,4.913,11508.0,1.301,1.943
FremontPeak2025-08-17.gpx,5.471,11520.0,1.512,1.886
FremontPeak2025-08-17.gpx,6.242,11533.0,0.908,1.81
FremontPeak2025-08-17.gpx,7.798,11550.0,1.906,1.663
FremontPeak2025-08-17.gpx,11.078,11571.0,1.333,1.381
FremontPeak2025-08-17.gpx,12.405,11599.0,0.885,1.274
FremontPeak2025-08-17.gpx,11.381,11626.0,1.271,1.35
FremontPeak2025-08-17.gpx,15.244,11657.0,0.934,1.065
FremontPeak2025-08-17.gpx,11.561,11689.0,0.19,1.328
FremontPeak2025-08-17.gpx,4.574,11707.0,1.398,1.937
FremontPeak2025-08-17.gpx,5.838,11719.0,1.469,1.814
FremontPeak2025-08-17.gpx,9.191,11737.0,1.383,1.513
FremontPeak2025-08-17.gpx,12.348,11762.0,1.281,1.26
FremontPeak2025-08-17.gpx,14.393,11793.0,1.105,1.112
FremontPeak2025-08-17.gpx,14.541,11827.0,0.601,1.099
FremontPeak2025-08-17.gpx,18.686,11866.0,0.856,0.845
FremontPeak2025-08-17.gpx,22.694,11916.0,0.46,0.652
FremontPeak2025-08-17.gpx,20.366,11967.0,0.634,0.757
FremontPeak2025-08-17.gpx,23.674,12020.0,0.709,0.615
FremontPeak2025-08-17.gpx,26.474,12082.0,0.715,0.524
FremontPeak2025-08-17.gpx,16.634,12134.0,0.543,0.948
FremontPeak2025-08-17.gpx,14.024,12170.0,0.169,1.104
FremontPeak2025-08-17.gpx,21.173,12212.0,0.795,0.719
FremontPeak2025-08-17.gpx,25.334,12268.0,0.654,0.568
FremontPeak2025-08-17.gpx,30.891,12339.0,0.28,0.454
FremontPeak2025-08-17.gpx,30.243,12416.0,0.288,0.472
FremontPeak2025-08-17.gpx,22.526,12482.0,0.391,0.667
FremontPeak2025-08-17.gpx,27.047,12542.0,0.368,0.54
FremontPeak2025-08-17.gpx,30.804,12615.0,0.367,0.487
FremontPeak2025-08-17.gpx,30.711,12693.0,0.402,0.497
FremontPeak2025-08-17.gpx,26.325,12765.0,0.44,0.57
FremontPeak2025-08-17.gpx,24.561,12827.0,0.382,0.614
FremontPeak2025-08-17.gpx,30.026,12895.0,0.398,0.525
FremontPeak2025-08-17.gpx,28.083,12968.0,0.398,0.554
FremontPeak2025-08-17.gpx,28.276,13038.0,0.504,0.557
FremontPeak2025-08-17.gpx,27.156,13107.0,0.331,0.577
FremontPeak2025-08-17.gpx,31.271,13181.0,0.444,0.551
FremontPeak2025-08-17.gpx,24.776,13251.0,0.324,0.626
FremontPeak2025-08-17.gpx,23.959,13310.0,0.533,0.645
FremontPeak2025-08-17.gpx,25.716,13371.0,0.275,0.615
FremontPeak2025-08-17.gpx,23.997,13432.0,0.475,0.649
FremontPeak2025-08-17.gpx,23.462,13490.0,0.453,0.661
FremontPeak2025-08-17.gpx,30.374,13556.0,0.371,0.595
FremontPeak2025-08-17.gpx,23.008,13623.0,0.458,0.674
FremontPeak2025-08-17.gpx,20.242,13675.0,0.392,0.741
FremontPeak2025-08-17.gpx,7.427,13708.0,0.099,1.334
FremontPeak2025-08-17.gpx,1.517,13718.0,0.415,1.768
FremontPeak2025-08-17.gpx,3.704,13724.0,0.346,1.594
FremontPeak2025-08-17.gpx,-7.858,13719.0,0.086,1.208
FremontPeak2025-08-17.gpx,-20.519,13685.0,0.574,0.489
FremontPeak2025-08-17.gpx,-27.796,13626.0,0.556,0.298
FremontPeak2025-08-17.gpx,-25.789,13560.0,0.681,0.356
FremontPeak2025-08-17.gpx,-11.619,13515.0,0.808,0.995
FremontPeak2025-08-17.gpx,-13.304,13486.0,0.624,0.897
FremontPeak2025-08-17.gpx,-25.504,13439.0,0.502,0.394
FremontPeak2025-08-17.gpx,-27.628,13373.0,0.604,0.366
FremontPeak2025-08-17.gpx,-28.395,13304.0,0.555,0.371
FremontPeak2025-08-17.gpx,-34.185,13224.0,0.534,0.349
FremontPeak2025-08-17.gpx,-27.578,13145.0,0.574,0.426
FremontPeak2025-08-17.gpx,-29.919,13073.0,0.634,0.409
FremontPeak2025-08-17.gpx,-30.997,12995.0,0.589,0.419
FremontPeak2025-08-17.gpx,-31.071,12916.0,0.632,0.439
FremontPeak2025-08-17.gpx,-25.909,12845.0,0.642,0.538
FremontPeak2025-08-17.gpx,-31.082,12774.0,0.568,0.475
FremontPeak2025-08-17.gpx,-33.436,12691.0,0.567,0.486
FremontPeak2025-08-17.gpx,-33.127,12605.0,0.452,0.508
FremontPeak2025-08-17.gpx,-39.244,12508.0,0.405,0.576
FremontPeak2025-08-17.gpx,-30.491,12416.0,0.742,0.573
FremontPeak2025-08-17.gpx,-23.778,12348.0,1.228,0.722
FremontPeak2025-08-17.gpx,-23.021,12292.0,0.706,0.759
FremontPeak2025-08-17.gpx,-22.107,12237.0,0.169,0.803
FremontPeak2025-08-17.gpx,-10.304,12199.0,0.274,1.422
FremontPeak2025-08-17.gpx,-14.973,12169.0,1.584,1.14
FremontPeak2025-08-17.gpx,-23.776,12123.0,0.933,0.78
FremontPeak2025-08-17.gpx,-27.117,12060.0,0.865,0.714
FremontPeak2025-08-17.gpx,-22.587,11999.0,0.336,0.849
FremontPeak2025-08-17.gpx,-16.709,11952.0,1.177,1.105
FremontPeak2025-08-17.gpx,-18.908,11910.0,1.141,1.012
FremontPeak2025-08-17.gpx,-17.581,11867.0,1.053,1.084
FremontPeak2025-08-17.gpx,-17.713,11825.0,0.565,1.089
FremontPeak2025-08-17.gpx,-9.155,11793.0,1.335,1.608
FremontPeak2025-08-17.gpx,-10.419,11771.0,2.23,1.525
FremontPeak2025-08-17.gpx,-8.133,11749.0,2.103,1.695
FremontPeak2025-08-17.gpx,-6.755,11732.0,1.972,1.805
FremontPeak2025-08-17.gpx,-6.766,11717.0,1.784,1.808
FremontPeak2025-08-17.gpx,-13.614,11693.0,1.551,1.341
FremontPeak2025-08-17.gpx,-11.493,11664.0,2.017,1.48
FremontPeak2025-08-17.gpx,-12.532,11636.0,1.281,1.421
FremontPeak2025-08-17.gpx,-13.041,11606.0,0.699,1.397
FremontPeak2025-08-17.gpx,-10.926,11578.0,1.931,1.54
FremontPeak2025-08-17.gpx,-10.042,11554.0,1.55,1.607
FremontPeak2025-08-17.gpx,-8.386,11533.0,1.971,1.731
FremontPeak2025-08-17.gpx,-9.245,11512.0,1.943,1.674
FremontPeak2025-08-17.gpx,-11.386,11488.0,1.666,1.533
FremontPeak2025-08-17.gpx,-14.491,11458.0,1.426,1.35
FremontPeak2025-08-17.gpx,-17.311,11421.0,1.075,1.212
FremontPeak2025-08-17.gpx,-12.942,11385.0,0.877,1.46
FremontPeak2025-08-17.gpx,-11.946,11356.0,1.938,1.53
FremontPeak2025-08-17.gpx,-12.253,11328.0,1.888,1.518
FremontPeak2025-08-17.gpx,-12.059,11300.0,1.754,1.537
FremontPeak2025-08-17.gpx,-11.574,11272.0,1.678,1.576
FremontPeak2025-08-17.gpx,-9.728,11248.0,2.082,1.707
FremontPeak2025-08-17.gpx,-8.677,11226.0,2.316,1.789
FremontPeak2025-08-17.gpx,-5.853,11210.0,1.478,2.013
FremontPeak2025-08-17.gpx,-7.007,11195.0,1.469,1.924
FremontPeak2025-08-17.gpx,-3.342,11183.0,1.915,2.235
FremontPeak2025-08-17.gpx,-2.72,11176.0,2.354,2.292
FremontPeak2025-08-17.gpx,-2.382,11170.0,1.888,2.325
FremontPeak2025-08-17.gpx,-1.23,11166.0,0.703,2.434
FremontPeak2025-08-17.gpx,0.0,11165.0,1.208,2.554
FremontPeak2025-08-17.gpx,0.505,11165.0,2.086,2.495
FremontPeak2025-08-17.gpx,0.519,11166.0,1.887,2.493
FremontPeak2025-08-17.gpx,-2.904,11164.0,1.272,2.279
FremontPeak2025-08-17.gpx,-2.624,11157.0,1.397,2.306
FremontPeak2025-08-17.gpx,-4.358,11149.0,1.741,2.154
FremontPeak2025-08-17.gpx,-7.609,11136.0,1.564,1.892
FremontPeak2025-08-17.gpx,-8.123,11117.0,2.09,1.858
FremontPeak2025-08-17.gpx,-16.283,11089.0,1.194,1.349
FremontPeak2025-08-17.gpx,-13.543,11054.0,0.996,1.509
FremontPeak2025-08-17.gpx,-5.913,11031.0,0.941,2.054
FremontPeak2025-08-17.gpx,-4.339,11020.0,1.313,2.189
FremontPeak2025-08-17.gpx,-1.149,11013.0,1.38,2.481
FremontPeak2025-08-17.gpx,0.316,11012.0,1.708,2.556
FremontPeak2025-08-17.gpx,-1.128,11011.0,1.893,2.484
FremontPeak2025-08-17.gpx,-1.262,11009.0,1.693,2.471
FremontPeak2025-08-17.gpx,-0.008,11007.0,2.282,2.594
FremontPeak2025-08-17.gpx,-0.482,11007.0,2.166,2.547
FremontPeak2025-08-17.gpx,-0.869,11005.0,2.071,2.51
FremontPeak2025-08-17.gpx,0.877,11005.0,2.435,2.491
FremontPeak2025-08-17.gpx,0.474,11007.0,2.452,2.538
FremontPeak2025-08-17.gpx,0.0,11007.0,2.473,2.595
FremontPeak2025-08-17.gpx,-1.339,11006.0,1.414,2.465
FremontPeak2025-08-17.gpx,-1.72,11002.0,2.356,2.43
FremontPeak2025-08-17.gpx,-1.237,10999.0,1.836,2.476
FremontPeak2025-08-17.gpx,3.414,11001.0,1.054,2.205
FremontPeak2025-08-17.gpx,5.184,11011.0,1.556,2.014
FremontPeak2025-08-17.gpx,0.838,11018.0,2.31,2.493
FremontPeak2025-08-17.gpx,-0.796,11018.0,2.683,2.514
FremontPeak2025-08-17.gpx,-0.064,11017.0,2.364,2.586
FremontPeak2025-08-17.gpx,-0.458,11017.0,2.032,2.547
FremontPeak2025-08-17.gpx,-2.884,11013.0,1.761,2.32
FremontPeak2025-08-17.gpx,-7.463,11001.0,2.277,1.938
FremontPeak2025-08-17.gpx,-12.653,10977.0,0.546,1.583
FremontPeak2025-08-17.gpx,-12.45,10948.0,0.665,1.603
FremontPeak2025-08-17.gpx,-17.775,10913.0,1.222,1.321
FremontPeak2025-08-17.gpx,-8.686,10882.0,2.684,1.877
FremontPeak2025-08-17.gpx,-9.373,10861.0,2.334,1.832
FremontPeak2025-08-17.gpx,-10.982,10837.0,1.729,1.727
FremontPeak2025-08-17.gpx,-7.074,10816.0,2.704,2.016
FremontPeak2025-08-17.gpx,-7.572,10800.0,2.283,1.982
FremontPeak2025-08-17.gpx,-8.859,10781.0,1.777,1.89
FremontPeak2025-08-17.gpx,-10.127,10759.0,2.087,1.805
FremontPeak2025-08-17.gpx,-6.668,10739.0,2.229,2.068
FremontPeak2025-08-17.gpx,-5.07,10726.0,2.334,2.202
FremontPeak2025-08-17.gpx,-3.364,10716.0,2.537,2.353
FremontPeak2025-08-17.gpx,-2.388,10709.0,1.737,2.443
FremontPeak2025-08-17.gpx,-2.233,10704.0,1.878,2.459
FremontPeak2025-08-17.gpx,-2.643,10699.0,2.423,2.422
FremontPeak2025-08-17.gpx,-4.588,10690.0,1.416,2.253
FremontPeak2025-08-17.gpx,-4.613,10680.0,1.848,2.253
FremontPeak2025-08-17.gpx,-5.897,10668.0,2.026,2.149
FremontPeak2025-08-17.gpx,-5.793,10654.0,1.838,2.161
FremontPeak2025-08-17.gpx,-5.849,10641.0,1.589,2.16
FremontPeak2025-08-17.gpx,-7.473,10626.0,1.654,2.034
FremontPeak2025-08-17.gpx,-8.845,10607.0,1.908,1.936
FremontPeak2025-08-17.gpx,-7.116,10588.0,2.091,2.072
FremontPeak2025-08-17.gpx,-5.134,10574.0,2.118,2.236
FremontPeak2025-08-17.gpx,-4.083,10564.0,2.256,2.329
FremontPeak2025-08-17.gpx,-4.417,10554.0,2.896,2.302
FremontPeak2025-08-17.gpx,-4.362,10544.0,2.791,2.31
FremontPeak2025-08-17.gpx,-4.21,10534.0,2.533,2.325
FremontPeak2025-08-17.gpx,-1.24,10528.0,2.221,2.597
FremontPeak2025-08-17.gpx,1.291,10528.0,2.007,2.559
FremontPeak2025-08-17.gpx,2.221,10532.0,1.922,2.446
FremontPeak2025-08-17.gpx,1.489,10536.0,1.531,2.533
FremontPeak2025-08-17.gpx,1.668,10540.0,2.373,2.51
FremontPeak2025-08-17.gpx,1.166,10543.0,2.591,2.57
FremontPeak2025-08-17.gpx,-0.742,10543.0,2.877,2.641
FremontPeak2025-08-17.gpx,-2.521,10540.0,2.48,2.475
FremontPeak2025-08-17.gpx,-6.734,10529.0,1.885,2.117
FremontPeak2025-08-17.gpx,-3.324,10517.0,3.21,2.408
FremontPeak2025-08-17.gpx,-3.324,10510.0,3.21,2.41
FremontPeak2025-08-17.gpx,-6.484,10499.0,1.948,2.145
FremontPeak2025-08-17.gpx,-7.436,10483.0,2.212,2.074
FremontPeak2025-08-17.gpx,-7.757,10465.0,2.463,2.054
FremontPeak2025-08-17.gpx,-7.774,10447.0,2.186,2.057
FremontPeak2025-08-17.gpx,-7.467,10430.0,2.413,2.085
FremontPeak2025-08-17.gpx,-7.195,10413.0,2.658,2.111
FremontPeak2025-08-17.gpx,-5.45,10398.0,2.293,2.255
MedicineBowPeak-WestRidge2024-06-14.gpx,-1.738,10779.0,0.266,2.486
MedicineBowPeak-WestRidge2024-06-14.gpx,-1.126,10776.0,1.832,2.544
MedicineBowPeak-WestRidge2024-06-14.gpx,-1.022,10773.0,1.154,2.555
MedicineBowPeak-WestRidge2024-06-14.gpx,-1.122,10771.0,1.904,2.546
MedicineBowPeak-WestRidge2024-06-14.gpx,-0.189,10769.0,2.502,2.637
MedicineBowPeak-WestRidge2024-06-14.gpx,3.688,10773.0,2.314,2.224
MedicineBowPeak-WestRidge2024-06-14.gpx,2.059,10780.0,2.295,2.408
MedicineBowPeak-WestRidge2024-06-14.gpx,0.949,10783.0,2.25,2.538
MedicineBowPeak-WestRidge2024-06-14.gpx,1.144,10786.0,1.867,2.514
MedicineBowPeak-WestRidge2024-06-14.gpx,-1.347,10785.0,2.138,2.521
MedicineBowPeak-WestRidge2024-06-14.gpx,-0.748,10783.0,1.777,2.579
MedicineBowPeak-WestRidge2024-06-14.gpx,7.205,10790.0,1.101,1.847
MedicineBowPeak-WestRidge2024-06-14.gpx,9.539,10810.0,0.835,1.616
MedicineBowPeak-WestRidge2024-06-14.gpx,13.313,10836.0,1.233,1.28
MedicineBowPeak-WestRidge2024-06-14.gpx,17.217,10872.0,0.872,0.978
MedicineBowPeak-WestRidge2024-06-14.gpx,11.6,10906.0,1.558,1.417
MedicineBowPeak-WestRidge2024-06-14.gpx,8.455,10929.0,1.793,1.701
MedicineBowPeak-WestRidge2024-06-14.gpx,7.464,10948.0,1.332,1.794
MedicineBowPeak-WestRidge2024-06-14.gpx,7.245,10964.0,1.404,1.813
MedicineBowPeak-WestRidge2024-06-14.gpx,6.703,10981.0,1.976,1.864
MedicineBowPeak-WestRidge2024-06-14.gpx,7.926,10997.0,1.874,1.741
MedicineBowPeak-WestRidge2024-06-14.gpx,7.851,11016.0,1.632,1.745
MedicineBowPeak-WestRidge2024-06-14.gpx,6.752,11032.0,1.889,1.85
MedicineBowPeak-WestRidge2024-06-14.gpx,7.284,11049.0,1.75,1.795
MedicineBowPeak-WestRidge2024-06-14.gpx,9.531,11068.0,1.332,1.58
MedicineBowPeak-WestRidge2024-06-14.gpx,8.729,11089.0,0.988,1.65
MedicineBowPeak-WestRidge2024-06-14.gpx,0.0,11099.0,0.978,2.571
MedicineBowPeak-WestRidge2024-06-14.gpx,0.764,11100.0,1.741,2.481
MedicineBowPeak-WestRidge2024-06-14.gpx,1.842,11103.0,1.159,2.357
MedicineBowPeak-WestRidge2024-06-14.gpx,1.217,11106.0,1.754,2.427
MedicineBowPeak-WestRidge2024-06-14.gpx,3.254,11112.0,1.525,2.198
MedicineBowPeak-WestRidge2024-06-14.gpx,4.728,11121.0,1.63,2.039
MedicineBowPeak-WestRidge2024-06-14.gpx,4.316,11131.0,0.948,2.081
MedicineBowPeak-WestRidge2024-06-14.gpx,2.474,11139.0,0.866,2.278
MedicineBowPeak-WestRidge2024-06-14.gpx,-0.59,11141.0,0.584,2.502
MedicineBowPeak-WestRidge2024-06-14.gpx,-1.501,11139.0,1.423,2.415
MedicineBowPeak-WestRidge2024-06-14.gpx,-0.255,11137.0,1.653,2.536
MedicineBowPeak-WestRidge2024-06-14.gpx,5.606,11143.0,1.151,1.945
MedicineBowPeak-WestRidge2024-06-14.gpx,12.352,11164.0,1.012,1.325
MedicineBowPeak-WestRidge2024-06-14.gpx,13.603,11194.0,1.233,1.222
MedicineBowPeak-WestRidge2024-06-14.gpx,14.341,11227.0,1.233,1.163
MedicineBowPeak-WestRidge2024-06-14.gpx,15.352,11261.0,1.133,1.087
MedicineBowPeak-WestRidge2024-06-14.gpx,19.856,11303.0,0.988,0.794
MedicineBowPeak-WestRidge2024-06-14.gpx,19.019,11349.0,0.973,0.842
MedicineBowPeak-WestRidge2024-06-14.gpx,10.412,11384.0,1.644,1.459
MedicineBowPeak-WestRidge2024-06-14.gpx,17.174,11416.0,0.568,0.954
MedicineBowPeak-WestRidge2024-06-14.gpx,16.487,11456.0,0.569,0.996
MedicineBowPeak-WestRidge2024-06-14.gpx,25.097,11506.0,0.726,0.54
MedicineBowPeak-WestRidge2024-06-14.gpx,24.089,11566.0,0.496,0.584
MedicineBowPeak-WestRidge2024-06-14.gpx,27.08,11629.0,0.873,0.475
MedicineBowPeak-WestRidge2024-06-14.gpx,24.349,11692.0,0.919,0.578
MedicineBowPeak-WestRidge2024-06-14.gpx,19.146,11745.0,1.218,0.824
MedicineBowPeak-WestRidge2024-06-14.gpx,15.642,11786.0,1.042,1.03
MedicineBowPeak-WestRidge2024-06-14.gpx,19.85,11828.0,0.973,0.785
MedicineBowPeak-WestRidge2024-06-14.gpx,22.677,11879.0,0.316,0.652
MedicineBowPeak-WestRidge2024-06-14.gpx,7.214,11915.0,1.688,1.654
MedicineBowPeak-WestRidge2024-06-14.gpx,4.286,11928.0,2.487,1.92
MedicineBowPeak-WestRidge2024-06-14.gpx,7.382,11942.0,2.303,1.635
MedicineBowPeak-WestRidge2024-06-14.gpx,8.923,11960.0,2.069,1.502
MedicineBowPeak-WestRidge2024-06-14.gpx,10.119,11982.0,1.645,1.403
MedicineBowPeak-WestRidge2024-06-14.gpx,8.801,12004.0,1.686,1.505
MedicineBowPeak-WestRidge2024-06-14.gpx,9.357,12025.0,1.584,1.457
MedicineBowPeak-WestRidge2024-06-14.gpx,6.306,12043.0,1.396,1.711
MedicineBowPeak-WestRidge2024-06-14.gpx,5.181,12056.0,0.123,1.81
MedicineBowPeak-WestRidge2024-06-14.gpx,-4.556,12057.0,1.51,1.903
MedicineBowPeak-WestRidge2024-06-14.gpx,-9.256,12041.0,1.144,1.537
MedicineBowPeak-WestRidge2024-06-14.gpx,-9.121,12020.0,1.277,1.552
MedicineBowPeak-WestRidge2024-06-14.gpx,-5.231,12004.0,2.108,1.86
MedicineBowPeak-WestRidge2024-06-14.gpx,-2.93,11994.0,2.914,2.063
MedicineBowPeak-WestRidge2024-06-14.gpx,-0.554,11990.0,2.487,2.287
MedicineBowPeak-WestRidge2024-06-14.gpx,0.649,11990.0,2.309,2.272
MedicineBowPeak-WestRidge2024-06-14.gpx,-2.371,11988.0,2.701,2.115
MedicineBowPeak-WestRidge2024-06-14.gpx,-2.103,11983.0,2.227,2.141
MedicineBowPeak-WestRidge2024-06-14.gpx,-0.477,11980.0,1.323,2.297
MedicineBowPeak-WestRidge2024-06-14.gpx,-0.034,11980.0,1.213,2.341
MedicineBowPeak-WestRidge2024-06-14.gpx,-0.535,11979.0,1.354,2.292
MedicineBowPeak-WestRidge2024-06-14.gpx,0.0,11978.0,0.406,2.345
MedicineBowPeak-WestRidge2024-06-14.gpx,-0.254,11978.0,2.166,2.319
MedicineBowPeak-WestRidge2024-06-14.gpx,-2.976,11974.0,1.529,2.064
MedicineBowPeak-WestRidge2024-06-14.gpx,-6.859,11963.0,0.52,1.738
MedicineBowPeak-WestRidge2024-06-14.gpx,0.099,11955.0,0.136,2.34
MedicineBowPeak-WestRidge2024-06-14.gpx,1.432,11957.0,0.502,2.198
MedicineBowPeak-WestRidge2024-06-14.gpx,0.0,11959.0,1.096,2.349
MedicineBowPeak-WestRidge2024-06-14.gpx,0.0,11959.0,1.045,2.349
MedicineBowPeak-WestRidge2024-06-14.gpx,1.404,11960.0,0.446,2.2
MedicineBowPeak-WestRidge2024-06-14.gpx,-1.81,11960.0,2.36,2.175
MedicineBowPeak-WestRidge2024-06-14.gpx,-1.026,11957.0,1.022,2.25
MedicineBowPeak-WestRidge2024-06-14.gpx,0.0,11955.0,2.602,2.35
MedicineBowPeak-WestRidge2024-06-14.gpx,-0.692,11955.0,2.631,2.283
MedicineBowPeak-WestRidge2024-06-14.gpx,-1.6,11952.0,2.67,2.196
MedicineBowPeak-WestRidge2024-06-14.gpx,-1.618,11948.0,2.639,2.196
MedicineBowPeak-WestRidge2024-06-14.gpx,-1.629,11945.0,2.622,2.196
MedicineBowPeak-WestRidge2024-06-14.gpx,-0.19,11942.0,1.88,2.335
MedicineBowPeak-WestRidge2024-06-14.gpx,0.0,11942.0,1.68,2.354
MedicineBowPeak-WestRidge2024-06-14.gpx,0.0,11942.0,1.713,2.354
MedicineBowPeak-WestRidge2024-06-14.gpx,2.073,11945.0,1.204,2.135
MedicineBowPeak-WestRidge2024-06-14.gpx,1.415,11949.0,0.871,2.202
MedicineBowPeak-WestRidge2024-06-14.gpx,0.807,11951.0,1.197,2.265
MedicineBowPeak-WestRidge2024-06-14.gpx,0.946,11953.0,1.524,2.25
MedicineBowPeak-WestRidge2024-06-14.gpx,-0.065,11954.0,2.059,2.344
MedicineBowPeak-WestRidge2024-06-14.gpx,-1.183,11953.0,1.806,2.236
MedicineBowPeak-WestRidge2024-06-14.gpx,-0.038,11951.0,0.961,2.348
MedicineBowPeak-WestRidge2024-06-14.gpx,0.34,11952.0,1.213,2.315
MedicineBowPeak-WestRidge2024-06-14.gpx,-3.043,11949.0,1.392,2.064
MedicineBowPeak-WestRidge2024-06-14.gpx,-2.682,11942.0,1.484,2.099
MedicineBowPeak-WestRidge2024-06-14.gpx,0.0,11939.0,1.665,2.355
MedicineBowPeak-WestRidge2024-06-14.gpx,0.651,11940.0,0.943,2.284
MedicineBowPeak-WestRidge2024-06-14.gpx,-1.079,11939.0,1.979,2.249
MedicineBowPeak-WestRidge2024-06-14.gpx,-0.72,11937.0,2.966,2.285
MedicineBowPeak-WestRidge2024-06-14.gpx,-0.946,11935.0,2.257,2.263
MedicineBowPeak-WestRidge2024-06-14.gpx,-1.336,11933.0,2.028,2.226
MedicineBowPeak-WestRidge2024-06-14.gpx,-1.91,11929.0,2.235,2.173
MedicineBowPeak-WestRidge2024-06-14.gpx,-12.778,11912.0,0.408,1.335
MedicineBowPeak-WestRidge2024-06-14.gpx,-16.675,11877.0,0.838,1.126
MedicineBowPeak-WestRidge2024-06-14.gpx,-19.15,11835.0,1.301,1.021
MedicineBowPeak-WestRidge2024-06-14.gpx,-20.643,11787.0,0.862,0.973
MedicineBowPeak-WestRidge2024-06-14.gpx,-22.495,11735.0,2.431,0.92
MedicineBowPeak-WestRidge2024-06-14.gpx,-24.829,11678.0,2.389,0.865
MedicineBowPeak-WestRidge2024-06-14.gpx,-25.767,11616.0,2.368,0.857
MedicineBowPeak-WestRidge2024-06-14.gpx,-22.264,11557.0,2.368,0.973
MedicineBowPeak-WestRidge2024-06-14.gpx,-25.638,11499.0,1.56,0.891
MedicineBowPeak-WestRidge2024-06-14.gpx,-27.229,11434.0,1.281,0.873
MedicineBowPeak-WestRidge2024-06-14.gpx,-24.027,11371.0,1.3,0.966
MedicineBowPeak-WestRidge2024-06-14.gpx,-17.085,11321.0,1.931,1.249
MedicineBowPeak-WestRidge2024-06-14.gpx,-24.311,11272.0,1.258,0.984
MedicineBowPeak-WestRidge2024-06-14.gpx,-18.462,11220.0,1.474,1.21
MedicineBowPeak-WestRidge2024-06-14.gpx,-11.897,11184.0,1.828,1.578
MedicineBowPeak-WestRidge2024-06-14.gpx,-6.928,11162.0,1.073,1.939
MedicineBowPeak-WestRidge2024-06-14.gpx,-0.946,11153.0,0.707,2.465
MedicineBowPeak-WestRidge2024-06-14.gpx,-0.408,11152.0,0.219,2.517
MedicineBowPeak-WestRidge2024-06-14.gpx,-2.167,11149.0,1.97,2.35
MedicineBowPeak-WestRidge2024-06-14.gpx,-3.155,11143.0,2.622,2.262
MedicineBowPeak-WestRidge2024-06-14.gpx,-3.541,11135.0,3.012,2.229
MedicineBowPeak-WestRidge2024-06-14.gpx,-4.71,11126.0,2.598,2.13
MedicineBowPeak-WestRidge2024-06-14.gpx,-5.25,11114.0,2.472,2.087
MedicineBowPeak-WestRidge2024-06-14.gpx,-5.901,11101.0,2.886,2.037
MedicineBowPeak-WestRidge2024-06-14.gpx,-5.931,11088.0,2.757,2.038
MedicineBowPeak-WestRidge2024-06-14.gpx,-6.154,11074.0,2.075,2.023
MedicineBowPeak-WestRidge2024-06-14.gpx,-7.695,11058.0,1.431,1.906
MedicineBowPeak-WestRidge2024-06-14.gpx,-5.198,11043.0,2.049,2.11
MedicineBowPeak-WestRidge2024-06-14.gpx,-3.045,11034.0,2.085,2.3
MedicineBowPeak-WestRidge2024-06-14.gpx,0.225,11030.0,1.891,2.562
MedicineBowPeak-WestRidge2024-06-14.gpx,1.802,11033.0,2.37,2.378
MedicineBowPeak-WestRidge2024-06-14.gpx,0.838,11036.0,2.349,2.488
MedicineBowPeak-WestRidge2024-06-14.gpx,0.0,11037.0,2.33,2.587
MedicineBowPeak-WestRidge2024-06-14.gpx,-3.683,11033.0,3.339,2.243
MedicineBowPeak-WestRidge2024-06-14.gpx,-3.786,11024.0,3.38,2.236
MedicineBowPeak-WestRidge2024-06-14.gpx,-4.761,11014.0,3.323,2.154
MedicineBowPeak-WestRidge2024-06-14.gpx,-5.166,11003.0,3.299,2.123
MedicineBowPeak-WestRidge2024-06-14.gpx,-5.563,10990.0,3.254,2.093
MedicineBowPeak-WestRidge2024-06-14.gpx,-5.969,10977.0,3.209,2.063
MedicineBowPeak-WestRidge2024-06-14.gpx,-6.772,10963.0,3.158,2.002
MedicineBowPeak-WestRidge2024-06-14.gpx,-8.309,10945.0,3.063,1.889
MedicineBowPeak-WestRidge2024-06-14.gpx,-9.188,10925.0,1.844,1.829
MedicineBowPeak-WestRidge2024-06-14.gpx,-7.939,10905.0,1.569,1.927
MedicineBowPeak-WestRidge2024-06-14.gpx,-6.258,10889.0,2.425,2.062
MedicineBowPeak-WestRidge2024-06-14.gpx,-7.338,10873.0,2.895,1.981
MedicineBowPeak-WestRidge2024-06-14.gpx,-7.422,10856.0,2.551,1.979
MedicineBowPeak-WestRidge2024-06-14.gpx,-6.536,10840.0,0.785,2.053
MedicineBowPeak-WestRidge2024-06-14.gpx,-7.498,10824.0,2.266,1.981
MedicineBowPeak-WestRidge2024-06-14.gpx,-6.113,10808.0,2.448,2.095
MedicineBowPeak-WestRidge2024-06-14.gpx,-4.839,10796.0,2.642,2.204
MedicineBowPeak-WestRidge2024-06-14.gpx,-3.22,10786.0,2.448,2.348
MedicineBowPeak-WestRidge2024-06-14.gpx,-2.284,10780.0,2.305,2.434
MedicineBowPeak-WestRidge2024-06-14.gpx,0.0,10778.0,1.912,2.654
MedicineBowPeak-WestRidge2024-06-14.gpx,1.56,10779.0,2.294,2.466
MedicineBowPeak-WestRidge2024-06-14.gpx,1.973,10783.0,1.616,2.417
OwlCreekMountainsHighPoint2021-07-14.gpx,1.265,9857.0,0.724,2.724
OwlCreekMountainsHighPoint2021-07-14.gpx,-1.573,9857.0,2.715,2.739
OwlCreekMountainsHighPoint2021-07-14.gpx,-1.824,9853.0,2.685,2.716
OwlCreekMountainsHighPoint2021-07-14.gpx,-2.45,9848.0,2.614,2.659
OwlCreekMountainsHighPoint2021-07-14.gpx,-6.08,9838.0,2.133,2.348
OwlCreekMountainsHighPoint2021-07-14.gpx,-9.561,9820.0,1.894,2.087
OwlCreekMountainsHighPoint2021-07-14.gpx,-10.346,9797.0,2.042,2.038
OwlCreekMountainsHighPoint2021-07-14.gpx,-13.044,9770.0,1.761,1.87
OwlCreekMountainsHighPoint2021-07-14.gpx,-5.992,9748.0,1.737,2.378
OwlCreekMountainsHighPoint2021-07-14.gpx,-1.479,9739.0,1.164,2.778
OwlCreekMountainsHighPoint2021-07-14.gpx,-9.619,9726.0,2.013,2.107
OwlCreekMountainsHighPoint2021-07-14.gpx,-10.729,9703.0,1.579,2.036
OwlCreekMountainsHighPoint2021-07-14.gpx,-8.567,9681.0,1.863,2.195
OwlCreekMountainsHighPoint2021-07-14.gpx,-7.372,9662.0,2.356,2.29
OwlCreekMountainsHighPoint2021-07-14.gpx,-9.26,9643.0,2.287,2.154
OwlCreekMountainsHighPoint2021-07-14.gpx,-7.046,9624.0,2.37,2.326
OwlCreekMountainsHighPoint2021-07-14.gpx,-5.235,9610.0,2.441,2.476
OwlCreekMountainsHighPoint2021-07-14.gpx,-6.525,9597.0,2.55,2.374
OwlCreekMountainsHighPoint2021-07-14.gpx,-7.051,9581.0,2.536,2.336
OwlCreekMountainsHighPoint2021-07-14.gpx,-8.688,9563.0,2.44,2.216
OwlCreekMountainsHighPoint2021-07-14.gpx,-8.595,9543.0,2.323,2.228
SubletteMountain2021-06-13.gpx,-0.594,6384.0,1.068,3.727
SubletteMountain2021-06-13.gpx,2.401,6386.0,3.557,3.372
SubletteMountain2021-06-13.gpx,2.64,6392.0,3.675,3.331
SubletteMountain2021-06-13.gpx,2.828,6398.0,3.774,3.298
SubletteMountain2021-06-13.gpx,2.873,6404.0,3.777,3.289
SubletteMountain2021-06-13.gpx,4.38,6413.0,3.894,3.04
SubletteMountain2021-06-13.gpx,4.38,6423.0,3.894,3.038
SubletteMountain2021-06-13.gpx,2.066,6430.0,3.795,3.419
SubletteMountain2021-06-13.gpx,-1.165,6431.0,3.665,3.66
SubletteMountain2021-06-13.gpx,-1.165,6429.0,3.665,3.661
SubletteMountain2021-06-13.gpx,-0.621,6427.0,3.57,3.714
SubletteMountain2021-06-13.gpx,-0.599,6425.0,3.566,3.716
SubletteMountain2021-06-13.gpx,3.226,6428.0,3.52,3.225
SubletteMountain2021-06-13.gpx,6.106,6439.0,3.485,2.759
SubletteMountain2021-06-13.gpx,5.258,6452.0,3.241,2.891
SubletteMountain2021-06-13.gpx,2.436,6461.0,2.63,3.349
SubletteMountain2021-06-13.gpx,2.27,6466.0,3.162,3.376
SubletteMountain2021-06-13.gpx,2.081,6471.0,4.104,3.407
SubletteMountain2021-06-13.gpx,2.081,6476.0,4.104,3.406
SubletteMountain2021-06-13.gpx,3.798,6483.0,3.522,3.12
SubletteMountain2021-06-13.gpx,4.474,6492.0,3.336,3.008
SubletteMountain2021-06-13.gpx,4.399,6502.0,3.605,3.018
SubletteMountain2021-06-13.gpx,4.317,6512.0,3.951,3.029
SubletteMountain2021-06-13.gpx,4.317,6522.0,3.951,3.027
SubletteMountain2021-06-13.gpx,2.767,6530.0,4.281,3.279
SubletteMountain2021-06-13.gpx,2.451,6536.0,4.356,3.33
SubletteMountain2021-06-13.gpx,2.451,6542.0,4.356,3.328
SubletteMountain2021-06-13.gpx,3.504,6549.0,4.695,3.153
SubletteMountain2021-06-13.gpx,3.607,6557.0,4.731,3.135
SubletteMountain2021-06-13.gpx,3.607,6565.0,4.731,3.133
SubletteMountain2021-06-13.gpx,4.169,6574.0,3.685,3.04
SubletteMountain2021-06-13.gpx,4.368,6584.0,3.417,3.006
SubletteMountain2021-06-13.gpx,5.211,6595.0,3.555,2.87
SubletteMountain2021-06-13.gpx,6.252,6608.0,3.744,2.706
SubletteMountain2021-06-13.gpx,6.252,6622.0,3.744,2.703
SubletteMountain2021-06-13.gpx,-0.259,6629.0,5.84,3.697
SubletteMountain2021-06-13.gpx,-0.704,6628.0,6.072,3.654
SubletteMountain2021-06-13.gpx,-0.704,6627.0,6.072,3.654
SubletteMountain2021-06-13.gpx,-0.704,6625.0,6.072,3.654
SubletteMountain2021-06-13.gpx,1.213,6626.0,4.418,3.516
SubletteMountain2021-06-13.gpx,1.512,6629.0,4.238,3.465
SubletteMountain2021-06-13.gpx,1.568,6632.0,4.209,3.455
SubletteMountain2021-06-13.gpx,3.895,6639.0,3.286,3.071
SubletteMountain2021-06-13.gpx,3.895,6647.0,3.286,3.069
SubletteMountain2021-06-13.gpx,2.434,6655.0,3.88,3.306
SubletteMountain2021-06-13.gpx,2.114,6660.0,4.041,3.357
SubletteMountain2021-06-13.gpx,2.259,6665.0,4.005,3.332
SubletteMountain2021-06-13.gpx,3.427,6671.0,3.736,3.14
SubletteMountain2021-06-13.gpx,3.427,6679.0,3.736,3.138
SubletteMountain2021-06-13.gpx,2.219,6686.0,4.153,3.334
SubletteMountain2021-06-13.gpx,1.43,6690.0,4.479,3.464
SubletteMountain2021-06-13.gpx,1.43,6693.0,4.479,3.464
SubletteMountain2021-06-13.gpx,2.084,6697.0,3.756,3.354
SubletteMountain2021-06-13.gpx,2.516,6703.0,3.393,3.281
SubletteMountain2021-06-13.gpx,2.313,6708.0,3.389,3.313
SubletteMountain2021-06-13.gpx,1.895,6713.0,3.381,3.381
SubletteMountain2021-06-13.gpx,1.846,6717.0,3.412,3.388
SubletteMountain2021-06-13.gpx,1.071,6721.0,3.989,3.517
SubletteMountain2021-06-13.gpx,1.071,6723.0,3.989,3.516
SubletteMountain2021-06-13.gpx,0.886,6725.0,3.838,3.547
SubletteMountain2021-06-13.gpx,0.59,6727.0,3.619,3.597
SubletteMountain2021-06-13.gpx,0.59,6728.0,3.619,3.596
SubletteMountain2021-06-13.gpx,2.828,6732.0,5.689,3.224
SubletteMountain2021-06-13.gpx,2.926,6739.0,5.835,3.206
SubletteMountain2021-06-13.gpx,2.926,6745.0,5.835,3.205
SubletteMountain2021-06-13.gpx,2.983,6752.0,5.724,3.194
SubletteMountain2021-06-13.gpx,4.184,6760.0,4.077,3.0
SubletteMountain2021-06-13.gpx,4.184,6770.0,4.077,2.997
SubletteMountain2021-06-13.gpx,3.653,6779.0,4.148,3.08
SubletteMountain2021-06-13.gpx,2.475,6786.0,4.312,3.269
SubletteMountain2021-06-13.gpx,2.475,6792.0,4.312,3.268
SubletteMountain2021-06-13.gpx,5.11,6800.0,3.064,2.846
SubletteMountain2021-06-13.gpx,8.717,6816.0,2.189,2.302
SubletteMountain2021-06-13.gpx,11.308,6840.0,3.069,1.934
SubletteMountain2021-06-13.gpx,11.438,6866.0,3.133,1.914
SubletteMountain2021-06-13.gpx,12.584,6894.0,3.124,1.757
SubletteMountain2021-06-13.gpx,12.783,6923.0,3.122,1.727
SubletteMountain2021-06-13.gpx,17.129,6959.0,2.298,1.182
SubletteMountain2021-06-13.gpx,14.914,6996.0,1.811,1.448
SubletteMountain2021-06-13.gpx,14.458,7031.0,1.544,1.502
SubletteMountain2021-06-13.gpx,23.19,7076.0,1.756,0.522
SubletteMountain2021-06-13.gpx,16.121,7123.0,1.627,1.292
SubletteMountain2021-06-13.gpx,6.948,7150.0,2.754,2.505
SubletteMountain2021-06-13.gpx,6.968,7166.0,2.914,2.499
SubletteMountain2021-06-13.gpx,7.013,7182.0,3.334,2.49
SubletteMountain2021-06-13.gpx,7.384,7198.0,3.314,2.433
SubletteMountain2021-06-13.gpx,11.55,7220.0,3.101,1.857
SubletteMountain2021-06-13.gpx,11.552,7247.0,3.1,1.853
SubletteMountain2021-06-13.gpx,13.543,7276.0,2.167,1.595
SubletteMountain2021-06-13.gpx,13.432,7308.0,2.268,1.606
SubletteMountain2021-06-13.gpx,13.341,7339.0,2.358,1.614
SubletteMountain2021-06-13.gpx,13.979,7371.0,0.941,1.533
SubletteMountain2021-06-13.gpx,9.643,7398.0,1.426,2.087
SubletteMountain2021-06-13.gpx,12.54,7424.0,1.696,1.706
SubletteMountain2021-06-13.gpx,14.81,7456.0,2.029,1.425
SubletteMountain2021-06-13.gpx,15.561,7492.0,1.436,1.334
SubletteMountain2021-06-13.gpx,9.651,7521.0,0.877,2.069
SubletteMountain2021-06-13.gpx,22.517,7560.0,1.232,0.596
SubletteMountain2021-06-13.gpx,15.723,7605.0,1.854,1.308
SubletteMountain2021-06-13.gpx,17.801,7645.0,1.263,1.074
SubletteMountain2021-06-13.gpx,18.635,7688.0,1.767,0.984
SubletteMountain2021-06-13.gpx,22.454,7737.0,0.992,0.605
SubletteMountain2021-06-13.gpx,18.119,7786.0,0.802,1.034
SubletteMountain2021-06-13.gpx,34.289,7852.0,0.953,-0.276
SubletteMountain2021-06-13.gpx,33.879,7941.0,0.842,-0.239
SubletteMountain2021-06-13.gpx,30.394,8023.0,0.977,-0.012
SubletteMountain2021-06-13.gpx,28.23,8097.0,1.107,0.145
SubletteMountain2021-06-13.gpx,29.98,8170.0,0.825,0.031
SubletteMountain2021-06-13.gpx,33.379,8251.0,0.971,-0.165
SubletteMountain2021-06-13.gpx,35.174,8341.0,0.759,-0.244
SubletteMountain2021-06-13.gpx,30.291,8425.0,0.9,0.038
SubletteMountain2021-06-13.gpx,25.597,8495.0,1.308,0.365
SubletteMountain2021-06-13.gpx,7.042,8535.0,0.743,2.252
SubletteMountain2021-06-13.gpx,15.498,8561.0,1.036,1.266
SubletteMountain2021-06-13.gpx,11.511,8592.0,2.746,1.699
SubletteMountain2021-06-13.gpx,13.945,8622.0,2.091,1.425
SubletteMountain2021-06-13.gpx,14.946,8656.0,1.816,1.317
SubletteMountain2021-06-13.gpx,10.208,8685.0,2.692,1.839
SubletteMountain2021-06-13.gpx,6.189,8704.0,2.76,2.332
SubletteMountain2021-06-13.gpx,3.033,8715.0,2.815,2.752
SubletteMountain2021-06-13.gpx,0.983,8719.0,2.726,3.041
SubletteMountain2021-06-13.gpx,0.0,8720.0,2.686,3.184
SubletteMountain2021-06-13.gpx,4.766,8726.0,3.703,2.515
SubletteMountain2021-06-13.gpx,5.441,8738.0,3.914,2.423
SubletteMountain2021-06-13.gpx,6.073,8751.0,3.504,2.338
SubletteMountain2021-06-13.gpx,7.95,8767.0,2.67,2.099
SubletteMountain2021-06-13.gpx,8.409,8786.0,2.392,2.04
SubletteMountain2021-06-13.gpx,9.011,8806.0,2.145,1.964
SubletteMountain2021-06-13.gpx,11.018,8829.0,2.681,1.727
SubletteMountain2021-06-13.gpx,11.026,8855.0,2.578,1.723
SubletteMountain2021-06-13.gpx,11.052,8880.0,2.291,1.716
SubletteMountain2021-06-13.gpx,15.781,8912.0,2.472,1.213
SubletteMountain2021-06-13.gpx,17.765,8951.0,2.56,1.022
SubletteMountain2021-06-13.gpx,12.886,8987.0,1.49,1.504
SubletteMountain2021-06-13.gpx,16.97,9022.0,2.66,1.093
SubletteMountain2021-06-13.gpx,17.009,9062.0,2.249,1.087
SubletteMountain2021-06-13.gpx,13.293,9098.0,1.511,1.45
SubletteMountain2021-06-13.gpx,3.92,9118.0,2.176,2.546
SubletteMountain2021-06-13.gpx,5.121,9128.0,2.659,2.389
SubletteMountain2021-06-13.gpx,5.36,9140.0,2.782,2.356
SubletteMountain2021-06-13.gpx,7.127,9155.0,2.377,2.135
SubletteMountain2021-06-13.gpx,8.252,9173.0,2.266,1.998
SubletteMountain2021-06-13.gpx,9.968,9194.0,2.121,1.797
SubletteMountain2021-06-13.gpx,10.719,9218.0,2.346,1.711
SubletteMountain2021-06-13.gpx,9.821,9241.0,2.336,1.807
SubletteMountain2021-06-13.gpx,8.287,9262.0,2.304,1.98
SubletteMountain2021-06-13.gpx,6.137,9279.0,3.121,2.233
SubletteMountain2021-06-13.gpx,5.708,9292.0,3.357,2.284
SubletteMountain2021-06-13.gpx,2.817,9302.0,3.054,2.651
SubletteMountain2021-06-13.gpx,0.745,9306.0,2.869,2.929
SubletteMountain2021-06-13.gpx,0.253,9307.0,3.234,2.997
SubletteMountain2021-06-13.gpx,0.0,9308.0,3.461,3.032
SubletteMountain2021-06-13.gpx,1.332,9309.0,1.101,2.848
SubletteMountain2021-06-13.gpx,-0.791,9310.0,2.7,2.954
SubletteMountain2021-06-13.gpx,-0.35,9309.0,0.199,2.998
SubletteMountain2021-06-13.gpx,1.213,9310.0,1.761,2.864
SubletteMountain2021-06-13.gpx,-2.899,9308.0,3.479,2.757
SubletteMountain2021-06-13.gpx,-2.996,9301.0,3.561,2.75
SubletteMountain2021-06-13.gpx,-7.223,9289.0,2.331,2.398
SubletteMountain2021-06-13.gpx,-9.346,9270.0,2.096,2.244
SubletteMountain2021-06-13.gpx,-7.737,9250.0,2.744,2.368
SubletteMountain2021-06-13.gpx,-9.126,9231.0,3.03,2.27
SubletteMountain2021-06-13.gpx,-10.561,9208.0,3.4,2.175
SubletteMountain2021-06-13.gpx,-9.686,9185.0,3.217,2.242
SubletteMountain2021-06-13.gpx,-6.358,9166.0,2.677,2.498
SubletteMountain2021-06-13.gpx,-6.416,9151.0,2.896,2.497
SubletteMountain2021-06-13.gpx,-6.499,9137.0,3.273,2.494
SubletteMountain2021-06-13.gpx,-6.849,9121.0,3.017,2.471
SubletteMountain2021-06-13.gpx,-8.082,9104.0,2.363,2.38
SubletteMountain2021-06-13.gpx,-13.74,9079.0,2.894,2.007
SubletteMountain2021-06-13.gpx,-16.865,9043.0,3.32,1.846
SubletteMountain2021-06-13.gpx,-16.187,9004.0,3.19,1.891
SubletteMountain2021-06-13.gpx,-15.201,8967.0,3.019,1.953
SubletteMountain2021-06-13.gpx,-15.069,8931.0,2.935,1.969
SubletteMountain2021-06-13.gpx,-14.859,8896.0,2.81,1.99
SubletteMountain2021-06-13.gpx,-13.383,8863.0,2.907,2.083
SubletteMountain2021-06-13.gpx,-11.894,8834.0,3.009,2.183
SubletteMountain2021-06-13.gpx,-9.619,8809.0,2.667,2.343
SubletteMountain2021-06-13.gpx,-7.149,8790.0,2.378,2.532
SubletteMountain2021-06-13.gpx,-6.616,8774.0,2.85,2.579
SubletteMountain2021-06-13.gpx,-6.549,8759.0,2.923,2.588
SubletteMountain2021-06-13.gpx,-4.836,8746.0,3.152,2.732
SubletteMountain2021-06-13.gpx,-4.704,8735.0,3.172,2.746
SubletteMountain2021-06-13.gpx,-2.233,8727.0,3.771,2.968
SubletteMountain2021-06-13.gpx,-1.619,8722.0,3.957,3.027
SubletteMountain2021-06-13.gpx,-2.183,8718.0,3.812,2.975
SubletteMountain2021-06-13.gpx,-5.409,8709.0,3.15,2.694
SubletteMountain2021-06-13.gpx,-5.727,8696.0,3.066,2.671
SubletteMountain2021-06-13.gpx,-14.01,8673.0,1.793,2.095
SubletteMountain2021-06-13.gpx,-14.629,8640.0,2.68,2.069
SubletteMountain2021-06-13.gpx,-14.753,8605.0,2.973,2.071
SubletteMountain2021-06-13.gpx,-16.582,8569.0,2.521,1.983
SubletteMountain2021-06-13.gpx,-17.477,8528.0,2.311,1.949
SubletteMountain2021-06-13.gpx,-19.684,8484.0,1.876,1.862
SubletteMountain2021-06-13.gpx,-32.261,8419.0,1.787,1.59
SubletteMountain2021-06-13.gpx,-32.816,8336.0,2.769,1.609
SubletteMountain2021-06-13.gpx,-32.759,8251.0,3.419,1.631
SubletteMountain2021-06-13.gpx,-32.279,8168.0,2.916,1.654
SubletteMountain2021-06-13.gpx,-31.691,8086.0,2.476,1.679
SubletteMountain2021-06-13.gpx,-32.526,8003.0,2.669,1.696
SubletteMountain2021-06-13.gpx,-32.742,7919.0,2.725,1.717
SubletteMountain2021-06-13.gpx,-26.598,7844.0,3.5,1.811
SubletteMountain2021-06-13.gpx,-26.362,7779.0,3.536,1.832
SubletteMountain2021-06-13.gpx,-21.01,7721.0,3.048,2.006
SubletteMountain2021-06-13.gpx,-17.113,7676.0,2.785,2.186
SubletteMountain2021-06-13.gpx,-17.519,7635.0,2.968,2.177
SubletteMountain2021-06-13.gpx,-17.671,7593.0,3.043,2.181
SubletteMountain2021-06-13.gpx,-11.946,7558.0,3.582,2.509
SubletteMountain2021-06-13.gpx,-9.237,7534.0,3.897,2.699
SubletteMountain2021-06-13.gpx,-10.334,7511.0,3.68,2.628
SubletteMountain2021-06-13.gpx,-23.417,7471.0,2.152,1.989
SubletteMountain2021-06-13.gpx,-16.332,7423.0,2.535,2.291
SubletteMountain2021-06-13.gpx,-11.898,7390.0,2.831,2.555
SubletteMountain2021-06-13.gpx,-12.727,7361.0,1.212,2.51
SubletteMountain2021-06-13.gpx,-11.817,7333.0,3.564,2.575
SubletteMountain2021-06-13.gpx,-11.817,7305.0,3.564,2.582
SubletteMountain2021-06-13.gpx,-9.043,7281.0,3.732,2.778
SubletteMountain2021-06-13.gpx,-8.435,7261.0,3.771,2.828
SubletteMountain2021-06-13.gpx,-8.114,7242.0,3.85,2.857
SubletteMountain2021-06-13.gpx,-7.338,7224.0,4.053,2.921
SubletteMountain2021-06-13.gpx,-7.338,7207.0,4.053,2.925
SubletteMountain2021-06-13.gpx,-10.609,7186.0,3.952,2.693
SubletteMountain2021-06-13.gpx,-12.985,7159.0,3.88,2.546
SubletteMountain2021-06-13.gpx,-12.985,7129.0,3.88,2.554
SubletteMountain2021-06-13.gpx,-13.161,7098.0,1.29,2.551
SubletteMountain2021-06-13.gpx,-17.23,7063.0,4.207,2.338
SubletteMountain2021-06-13.gpx,-17.23,7022.0,4.207,2.349
SubletteMountain2021-06-13.gpx,-16.582,6982.0,4.0,2.391
SubletteMountain2021-06-13.gpx,-16.128,6944.0,3.868,2.424
SubletteMountain2021-06-13.gpx,-16.128,6906.0,3.868,2.434
SubletteMountain2021-06-13.gpx,-9.914,6875.0,4.487,2.821
SubletteMountain2021-06-13.gpx,-9.891,6852.0,4.49,2.828
SubletteMountain2021-06-13.gpx,-9.891,6829.0,4.49,2.834
SubletteMountain2021-06-13.gpx,-5.597,6811.0,3.475,3.167
SubletteMountain2021-06-13.gpx,-5.533,6799.0,3.464,3.175
SubletteMountain2021-06-13.gpx,-2.969,6789.0,2.816,3.4
SubletteMountain2021-06-13.gpx,-1.661,6784.0,2.572,3.522
SubletteMountain2021-06-13.gpx,-3.075,6778.0,5.049,3.393
SubletteMountain2021-06-13.gpx,-3.167,6771.0,5.39,3.387
SubletteMountain2021-06-13.gpx,-3.167,6764.0,5.39,3.389
SubletteMountain2021-06-13.gpx,-2.752,6757.0,5.077,3.428
SubletteMountain2021-06-13.gpx,-1.886,6752.0,4.529,3.509
SubletteMountain2021-06-13.gpx,-1.886,6747.0,4.529,3.51
SubletteMountain2021-06-13.gpx,-1.698,6743.0,4.703,3.529
SubletteMountain2021-06-13.gpx,-1.232,6740.0,5.199,3.574
SubletteMountain2021-06-13.gpx,-1.232,6737.0,5.199,3.575
SubletteMountain2021-06-13.gpx,-1.232,6734.0,5.199,3.576
SubletteMountain2021-06-13.gpx,-3.363,6729.0,3.548,3.38
SubletteMountain2021-06-13.gpx,-3.891,6721.0,3.289,3.335
SubletteMountain2021-06-13.gpx,-2.808,6713.0,3.739,3.434
SubletteMountain2021-06-13.gpx,-2.072,6707.0,4.122,3.503
SubletteMountain2021-06-13.gpx,-2.072,6703.0,4.122,3.504
SubletteMountain2021-06-13.gpx,-1.962,6698.0,4.353,3.516
SubletteMountain2021-06-13.gpx,-1.94,6694.0,4.403,3.519
SubletteMountain2021-06-13.gpx,-1.94,6689.0,4.403,3.52
SubletteMountain2021-06-13.gpx,-2.807,6684.0,4.38,3.442
SubletteMountain2021-06-13.gpx,-2.926,6677.0,4.377,3.433
SubletteMountain2021-06-13.gpx,-2.926,6670.0,4.377,3.435
SubletteMountain2021-06-13.gpx,-1.179,6666.0,3.991,3.598
SubletteMountain2021-06-13.gpx,-1.076,6663.0,3.97,3.609
SubletteMountain2021-06-13.gpx,-2.0,6660.0,4.085,3.522
SubletteMountain2021-06-13.gpx,-4.351,6652.0,4.41,3.313
SubletteMountain2021-06-13.gpx,-4.351,6642.0,4.41,3.316
SubletteMountain2021-06-13.gpx,-2.773,6634.0,4.312,3.458
SubletteMountain2021-06-13.gpx,0.518,6632.0,4.121,3.633
SubletteMountain2021-06-13.gpx,0.518,6633.0,4.121,3.633
SubletteMountain2021-06-13.gpx,-0.844,6632.0,4.311,3.639
SubletteMountain2021-06-13.gpx,-1.91,6629.0,4.472,3.539
SubletteMountain2021-06-13.gpx,-1.91,6625.0,4.472,3.54
SubletteMountain2021-06-13.gpx,-2.527,6620.0,4.349,3.484
SubletteMountain2021-06-13.gpx,-3.007,6613.0,4.259,3.442
SubletteMountain2021-06-13.gpx,-3.007,6607.0,4.259,3.443
SubletteMountain2021-06-13.gpx,-4.175,6598.0,4.158,3.342
SubletteMountain2021-06-13.gpx,-4.659,6588.0,4.117,3.303
SubletteMountain2021-06-13.gpx,-4.659,6577.0,4.117,3.306
SubletteMountain2021-06-13.gpx,-3.515,6568.0,5.462,3.408
SubletteMountain2021-06-13.gpx,-3.45,6560.0,5.566,3.416
SubletteMountain2021-06-13.gpx,-3.45,6552.0,5.566,3.418
SubletteMountain2021-06-13.gpx,-3.49,6544.0,5.352,3.416
SubletteMountain2021-06-13.gpx,-3.639,6536.0,4.689,3.405
SubletteMountain2021-06-13.gpx,-3.639,6528.0,4.689,3.407
SubletteMountain2021-06-13.gpx,-3.592,6519.0,4.663,3.414
SubletteMountain2021-06-13.gpx,-2.957,6512.0,4.331,3.472
SubletteMountain2021-06-13.gpx,-2.957,6505.0,4.331,3.474
SubletteMountain2021-06-13.gpx,-3.507,6498.0,3.811,3.427
SubletteMountain2021-06-13.gpx,-6.282,6486.0,2.371,3.195
SubletteMountain2021-06-13.gpx,-2.39,6476.0,3.185,3.533
SubletteMountain2021-06-13.gpx,0.5,6474.0,4.268,3.676
SubletteMountain2021-06-13.gpx,0.5,6475.0,4.268,3.675
SubletteMountain2021-06-13.gpx,-3.598,6472.0,3.147,3.425
SubletteMountain2021-06-13.gpx,-5.24,6462.0,2.846,3.287
SubletteMountain2021-06-13.gpx,-2.224,6453.0,3.909,3.555
SubletteMountain2021-06-13.gpx,-1.49,6449.0,4.299,3.624
SubletteMountain2021-06-13.gpx,-1.49,6446.0,4.299,3.625
SubletteMountain2021-06-13.gpx,-2.418,6441.0,4.278,3.54
SubletteMountain2021-06-13.gpx,-2.496,6435.0,4.277,3.534
SubletteMountain2021-06-13.gpx,-2.622,6430.0,4.229,3.524
SubletteMountain2021-06-13.gpx,-4.809,6421.0,3.545,3.333
SubletteMountain2021-06-13.gpx,-4.809,6410.0,3.545,3.336
SubletteMountain2021-06-13.gpx,-3.424,6401.0,3.754,3.459
SubletteMountain2021-06-13.gpx,-2.763,6393.0,3.862,3.521
SubletteMountain2021-06-13.gpx,-2.978,6387.0,3.882,3.503
SubletteMountain2021-06-13.gpx,-5.2,6377.0,4.096,3.312
SubletteMountain2021-06-13.gpx,-5.2,6366.0,4.096,3.315
SublettePeak2024-07-13.gpx,14.69,9479.0,1.359,1.277
SublettePeak2024-07-13.gpx,4.966,9502.0,2.146,2.335
SublettePeak2024-07-13.gpx,7.983,9517.0,1.914,1.974
SublettePeak2024-07-13.gpx,9.214,9537.0,1.589,1.833
SublettePeak2024-07-13.gpx,7.131,9556.0,1.482,2.066
SublettePeak2024-07-13.gpx,6.517,9571.0,1.734,2.135
SublettePeak2024-07-13.gpx,8.576,9589.0,1.844,1.896
SublettePeak2024-07-13.gpx,11.842,9612.0,1.6,1.544
SublettePeak2024-07-13.gpx,8.824,9636.0,2.161,1.861
SublettePeak2024-07-13.gpx,7.08,9655.0,1.49,2.054
SublettePeak2024-07-13.gpx,20.858,9688.0,1.149,0.746
SublettePeak2024-07-13.gpx,17.976,9734.0,1.109,0.971
SublettePeak2024-07-13.gpx,9.784,9767.0,1.024,1.738
SublettePeak2024-07-13.gpx,12.11,9792.0,1.054,1.497
SublettePeak2024-07-13.gpx,28.905,9842.0,0.793,0.257
SublettePeak2024-07-13.gpx,24.632,9909.0,0.935,0.495
SublettePeak2024-07-13.gpx,15.19,9957.0,0.788,1.195
SublettePeak2024-07-13.gpx,12.969,9990.0,1.457,1.394
SublettePeak2024-07-13.gpx,16.856,10025.0,1.045,1.049
SublettePeak2024-07-13.gpx,16.11,10063.0,1.365,1.109
SublettePeak2024-07-13.gpx,14.985,10100.0,0.868,1.202
SublettePeak2024-07-13.gpx,19.995,10141.0,0.868,0.804
SublettePeak2024-07-13.gpx,35.184,10211.0,0.262,0.069
SublettePeak2024-07-13.gpx,18.524,10280.0,0.91,0.908
SublettePeak2024-07-13.gpx,25.247,10333.0,0.749,0.479
SublettePeak2024-07-13.gpx,7.366,10372.0,0.955,1.901
SublettePeak2024-07-13.gpx,-2.488,10378.0,1.445,2.519
SublettePeak2024-07-13.gpx,-0.696,10374.0,1.844,2.689
SublettePeak2024-07-13.gpx,2.459,10376.0,2.028,2.453
SublettePeak2024-07-13.gpx,4.776,10384.0,1.785,2.182
SublettePeak2024-07-13.gpx,2.292,10393.0,1.964,2.47
SublettePeak2024-07-13.gpx,4.702,10401.0,1.548,2.187
SublettePeak2024-07-13.gpx,17.44,10427.0,1.053,0.983
SublettePeak2024-07-13.gpx,2.931,10451.0,0.955,2.38
SublettePeak2024-07-13.gpx,11.291,10467.0,0.818,1.497
SublettePeak2024-07-13.gpx,18.926,10503.0,0.978,0.872
SublettePeak2024-07-13.gpx,7.741,10534.0,0.141,1.835
SublettePeak2024-07-13.gpx,-15.36,10525.0,0.095,1.543
SublettePeak2024-07-13.gpx,-16.451,10487.0,1.055,1.495
SublettePeak2024-07-13.gpx,-17.59,10447.0,1.05,1.449
SublettePeak2024-07-13.gpx,-0.719,10426.0,1.469,2.674
SublettePeak2024-07-13.gpx,-18.527,10403.0,0.484,1.418
SublettePeak2024-07-13.gpx,-6.707,10373.0,1.044,2.159
SublettePeak2024-07-13.gpx,-0.559,10365.0,1.205,2.705
SublettePeak2024-07-13.gpx,-7.083,10356.0,0.683,2.134
SublettePeak2024-07-13.gpx,0.711,10349.0,3.003,2.674
SublettePeak2024-07-13.gpx,0.743,10350.0,2.874,2.67
SublettePeak2024-07-13.gpx,1.42,10353.0,1.532,2.585
SublettePeak2024-07-13.gpx,1.979,10357.0,2.158,2.516
SublettePeak2024-07-13.gpx,0.832,10360.0,1.035,2.656
SublettePeak2024-07-13.gpx,0.0,10361.0,1.072,2.761
SublettePeak2024-07-13.gpx,-3.74,10357.0,1.342,2.412
SublettePeak2024-07-13.gpx,-11.248,10339.0,1.277,1.838
SublettePeak2024-07-13.gpx,-24.247,10297.0,0.533,1.237
SublettePeak2024-07-13.gpx,-22.288,10240.0,0.551,1.312
SublettePeak2024-07-13.gpx,-30.804,10174.0,0.547,1.147
SublettePeak2024-07-13.gpx,-24.032,10106.0,1.293,1.292
SublettePeak2024-07-13.gpx,-14.533,10060.0,1.794,1.708
SublettePeak2024-07-13.gpx,-1.191,10041.0,1.793,2.728
SublettePeak2024-07-13.gpx,-4.874,10034.0,2.197,2.397
SublettePeak2024-07-13.gpx,-9.596,10018.0,1.887,2.034
SublettePeak2024-07-13.gpx,-17.401,9986.0,1.506,1.577
SublettePeak2024-07-13.gpx,-16.492,9946.0,1.63,1.632
SublettePeak2024-07-13.gpx,-18.203,9905.0,1.134,1.56
SublettePeak2024-07-13.gpx,-21.4,9858.0,1.14,1.441
SublettePeak2024-07-13.gpx,-14.37,9815.0,1.174,1.781
SublettePeak2024-07-13.gpx,-14.908,9781.0,1.524,1.759
SublettePeak2024-07-13.gpx,-9.441,9752.0,2.242,2.113
SublettePeak2024-07-13.gpx,-22.321,9715.0,1.411,1.446
SublettePeak2024-07-13.gpx,-17.594,9667.0,1.292,1.65
SublettePeak2024-07-13.gpx,-9.493,9635.0,1.789,2.14
SublettePeak2024-07-13.gpx,-11.996,9610.0,2.067,1.977
SublettePeak2024-07-13.gpx,-11.158,9583.0,2.285,2.038
SublettePeak2024-07-13.gpx,-8.211,9561.0,2.584,2.252
SublettePeak2024-07-13.gpx,-4.961,9546.0,2.356,2.516
SublettePeak2024-07-13.gpx,-3.478,9536.0,2.244,2.647
SublettePeak2024-07-13.gpx,-8.112,9523.0,2.354,2.27
SublettePeak2024-07-13.gpx,-5.981,9506.0,2.191,2.441
